,tanggal,kelurahan,avg_ketinggian,jumlah_terdampak_jiwa
0,2018-01,CENGKARENG TIMUR,25.0,0
1,2018-01,JELAMBAR,20.0,0
2,2018-01,JELAMBAR BARU,15.0,0
3,2018-01,KAMAL,17.5,0
4,2018-01,KAMAL MUARA,25.0,0
5,2018-01,KAPUK,17.5,0
6,2018-01,KEMBANGAN UTARA,12.5,0
7,2018-01,RAWA BUAYA,17.5,0
8,2018-02,BALE KAMBANG,180.0,54
9,2018-02,BANGKA,35.0,0
10,2018-02,BIDARA CINA,130.0,2642
11,2018-02,BUKIT DURI,25.0,0
12,2018-02,CAKUNG BARAT,50.0,56
13,2018-02,CAWANG,145.0,3584
14,2018-02,CEMPAKA PUTIH TIMUR,22.5,0
15,2018-02,CENGKARENG BARAT,45.0,0
16,2018-02,CENGKARENG TIMUR,45.0,0
17,2018-02,CILILITAN,140.0,806
18,2018-02,CIPINANG MELAYU,55.0,0
19,2018-02,CIPINANG MUARA,65.0,0
20,2018-02,DURI KEPA,37.5,0
21,2018-02,DURI KOSAMBI,30.0,0
22,2018-02,GEDONG,100.0,0
23,2018-02,JATI PULO,40.0,0
24,2018-02,JATINEGARA,20.0,0
25,2018-02,JELAMBAR BARU,20.0,0
26,2018-02,KAMAL,40.0,0
27,2018-02,KAMAL MUARA,7.5,0
28,2018-02,KAMPUNG MELAYU,115.0,3074
29,2018-02,KAPUK,32.5,0
30,2018-02,KAPUK MUARA,10.0,0
31,2018-02,KEBON BARU,50.0,0
32,2018-02,KEBON MANGGIS,50.0,414
33,2018-02,KEMBANGAN UTARA,22.5,0
34,2018-02,LENTENG AGUNG,125.0,0
35,2018-02,MAKASAR,35.0,0
36,2018-02,MANGGARAI,115.0,2347
37,2018-02,PANGADEGAN,155.0,2993
38,2018-02,PEGANGSAAN DUA,65.0,100
39,2018-02,PEJATEN TIMUR,115.0,962
40,2018-02,PENJARINGAN,22.5,0
41,2018-02,PONDOK LABU,45.0,480
42,2018-02,RAWA BUAYA,17.5,0
43,2018-02,RAWA JATI,130.0,1509
44,2018-02,RAWA TERATE,65.0,0
45,2018-02,SERDANG,30.0,0
46,2018-02,SRENGSENG SAWAH,5.0,265
47,2018-02,SUKAPURA,30.0,30
48,2018-02,TEGAL ALUR,25.0,0
49,2018-02,TUGU SELATAN,40.0,140
50,2018-02,WIJAYA KUSUMA,30.0,0
51,2018-03,BIDARA CINA,30.0,0
52,2018-03,CAWANG,30.0,0
53,2018-03,CILILITAN,75.0,0
54,2018-03,CIPINANG MELAYU,10.0,0
55,2018-03,KAMPUNG MELAYU,55.0,1000
56,2018-03,KEBON BARU,30.0,0
57,2018-03,PEJATEN TIMUR,30.0,0
58,2018-03,RAWAJATI,55.0,0
59,2018-04, PENGGILINGAN ,25.0,0
60,2018-04,BIDARA CINA,22.5,0
61,2018-04,CAWANG ,35.0,0
62,2018-04,CIPINANG MELAYU,7.5,0
63,2018-04,JATINEGARA ,70.0,0
64,2018-04,KAMPUNG MELAYU,32.5,988
65,2018-04,RAWAMANGUN,35.0,0
66,2018-04,ULUJAMI,25.0,0
67,2018-05,BANGKA,5.0,60
68,2018-05,BIDARA CINA,90.0,0
69,2018-05,CAWANG,40.0,0
70,2018-05,CILANDAK TIMUR,65.0,20
71,2018-05,CILILITAN,20.0,0
72,2018-05,CIPETE SELATAN,30.0,0
73,2018-05,DUREN TIGA,35.0,0
74,2018-05,JATI PADANG,25.0,0
75,2018-05,KAMAL,20.0,0
76,2018-05,KAMPUNG MELAYU,55.0,636
77,2018-05,KEBON BARU,15.0,0
78,2018-05,PEJATEN TIMUR,30.0,0
79,2018-05,PENGADEGAN,30.0,0
80,2018-05,PETOGOGAN,40.0,0
81,2018-05,PONDOK LABU,45.0,0
82,2018-05,RAGUNAN,20.0,0
83,2018-05,RAWAJATI,45.0,0
84,2018-06,BIDARA CINA,62.5,0
85,2018-06,CAWANG,15.0,0
86,2018-06,CILILITAN,20.0,3
87,2018-06,CIPULIR,20.0,0
88,2018-06,KAMPUNG MELAYU,55.0,1065
89,2018-06,PEJATEN TIMUR,20.0,0
90,2018-06,PENGADEGAN,12.5,0
91,2018-06,PONDOK PINANG,45.0,0
92,2018-10,BIDARA CINA,55.0,290
93,2018-10,CAWANG,30.0,0
94,2018-10,GUNUNG SAHARI UTARA,25.0,0
95,2018-10,KAMPUNG MELAYU,55.0,711
96,2018-10,RAWA BUAYA,25.0,0
97,2018-11,BIDARA CINA,40.0,710
98,2018-11,CAWANG,30.0,0
99,2018-11,CILANDAK TIMUR,20.0,0
100,2018-11,CIPINANG MELAYU,40.0,1858
101,2018-11,CIPINANG MUARA,70.0,240
102,2018-11,GANDARIA SELATAN,65.0,0
103,2018-11,JATINEGARA,12.5,0
104,2018-11,KAMAL,17.5,0
105,2018-11,KAMAL MUARA,7.5,0
106,2018-11,KAMPUNG MELAYU,55.0,789
107,2018-11,PEJATEN TIMUR,20.0,0
108,2018-11,PLUIT,8.5,0
109,2018-11,PONDOK PINANG,15.0,0
110,2018-11,RAMBUTAN,20.0,0
111,2018-11,RAWA TERATE,12.5,0
112,2018-11,ULUJAMI,55.0,4000
113,2018-12,BANGKA,65.0,0
114,2018-12,CAKUNG TIMUR,20.0,800
115,2018-12,CENGKARENG TIMUR,25.0,0
116,2018-12,CILANDAK BARAT,40.0,0
117,2018-12,CILANDAK TIMUR,55.0,0
118,2018-12,CIPETE UTARA,30.0,0
119,2018-12,CIPINANG MELAYU,20.0,0
120,2018-12,CIPULIR,55.0,0
121,2018-12,DUREN TIGA,70.0,0
122,2018-12,DURI KOSAMBI,25.0,77
123,2018-12,KALIBATA,30.0,0
124,2018-12,KAMAL,8.0,0
125,2018-12,KAMAL MUARA,6.5,0
126,2018-12,KEMBANGAN UTARA,50.0,0
127,2018-12,PENJARINGAN,7.5,0
128,2018-12,PETOGOGAN,25.0,0
129,2018-12,PLUIT,7.5,0
130,2018-12,PONDOK LABU,40.0,0
131,2018-12,RAMBUTAN,30.0,0
132,2018-12,RAWA BUAYA,37.5,0
133,2018-12,RAWA TERATE,55.0,0
134,2018-12,ULUJAMI,30.0,0
135,2019-01,CENGKARENG TIMUR,40.0,0
136,2019-01,CILINCING,15.0,0
137,2019-01,DURI KEPA,25.0,0
138,2019-01,DURI KOSAMBI,35.0,0
139,2019-01,JATI PULO,40.0,0
140,2019-01,JATIPADANG,45.0,240
141,2019-01,JELAMBAR BARU,20.0,0
142,2019-01,KAMAL,6.5,0
143,2019-01,KAMAL MUARA,11.5,0
144,2019-01,KAMPUNG MELAYU,20.0,213
145,2019-01,KEDAUNG KALI ANGKE,17.5,0
146,2019-01,KEDOYA SELATAN,35.0,0
147,2019-01,KEDOYA UTARA,25.0,0
148,2019-01,KELAPA GADING BARAT,15.0,0
149,2019-01,KEMBANGAN UTARA,17.5,0
150,2019-01,KOTA BAMBU UTARA,20.0,0
151,2019-01,MARUNDA,15.0,0
152,2019-01,PEGADUNGAN,50.0,0
153,2019-01,PEGANGSAAN DUA,20.0,0
154,2019-01,PEJAGALAN,12.5,0
155,2019-01,PENJARINGAN,7.5,0
156,2019-01,PLUIT,21.5,0
157,2019-01,RAWA BUAYA,35.0,0
158,2019-01,RAWA TERATE,22.5,0
159,2019-01,ROROTAN,15.0,0
160,2019-01,SEMPER TIMUR,17.5,0
161,2019-01,SUKAPURA,15.0,0
162,2019-01,TANJUNG PRIOK,17.5,0
163,2019-01,TEGAL ALUR,45.0,0
164,2019-01,TUGU SELATAN,20.0,0
165,2019-01,WIJAYA KUSUMA ,15.0,0
166,2019-02,BIDARA CINA,87.5,0
167,2019-02,CAWANG,50.0,0
168,2019-02,CILANDAK BARAT,45.0,0
169,2019-02,CILANDAK TIMUR,60.0,0
170,2019-02,CILILITAN,55.0,0
171,2019-02,CIPEDAK,60.0,0
172,2019-02,CIPINANG MELAYU,50.0,0
173,2019-02,CIPINANG MUARA,30.0,0
174,2019-02,CIPULIR,40.0,0
175,2019-02,DUREN TIGA,55.0,0
176,2019-02,GROGOL SELATAN,30.0,0
177,2019-02,KALIBATA,35.0,0
178,2019-02,KAMAL,5.0,0
179,2019-02,KAMAL MUARA,5.0,0
180,2019-02,KAMPUNG MELAYU,55.0,1003
181,2019-02,KEBON BARU,7.5,0
182,2019-02,KEL BALEKAMBANG,67.5,0
183,2019-02,KEL PETOGOGAN,40.0,0
184,2019-02,KEMBANGAN UTARA,55.0,0
185,2019-02,KUNINGAN BARAT,30.0,0
186,2019-02,MANGGARAI,15.0,0
187,2019-02,PEJATEN TIMUR,60.0,171
188,2019-02,PEKAYON,40.0,0
189,2019-02,PENGEDEGAN,80.0,12
190,2019-02,RAWAJATI,45.0,0
191,2019-03,ANCOL,27.5,0
192,2019-03,CENGKARENG BARAT,50.0,0
193,2019-03,CENGKARENG TIMUR,30.0,0
194,2019-03,CILANDAK TIMUR,80.0,0
195,2019-03,CILINCING,30.0,0
196,2019-03,CIPINANG MELAYU,7.5,0
197,2019-03,CIRACAS,50.0,0
198,2019-03,DURI KEPA,30.0,0
199,2019-03,JATI PADANG,35.0,0
200,2019-03,JATINEGARA,20.0,0
201,2019-03,JELAMBAR ,35.0,0
202,2019-03,JELAMBAR BARU,40.0,0
203,2019-03,JEMBATAN LIMA,40.0,0
204,2019-03,JOGLO,15.0,0
205,2019-03,KALIBARU,30.0,0
206,2019-03,KALISARI,50.0,0
207,2019-03,KAMAL MUARA,50.0,0
208,2019-03,KAMPUNG MELAYU,55.0,925
209,2019-03,KAPUK,32.5,0
210,2019-03,KEBON BAWANG,10.0,0
211,2019-03,KEDAUNG KALI ANGKE,57.5,85
212,2019-03,KEDOYA SELATAN,25.0,0
213,2019-03,KEDOYA UTARA,32.5,0
214,2019-03,KEL.CAWANG,45.0,0
215,2019-03,KEMBANGAN SELATAN,20.0,0
216,2019-03,KEMBANGAN UTARA,35.0,0
217,2019-03,KRAMAT,20.0,0
218,2019-03,PEGANGSAAN DUA,30.0,0
219,2019-03,PEJAGALAN,22.5,0
220,2019-03,PENJARINGAN,30.0,0
221,2019-03,PETOGOGAN,60.0,0
222,2019-03,PLUIT,40.0,0
223,2019-03,PONDOK LABU,20.0,0
224,2019-03,RAWA BADAK SELATAN,15.0,0
225,2019-03,RAWA BUAYA,45.0,0
226,2019-03,RAWA TERATE,15.0,0
227,2019-03,RAWAJATI,20.0,0
228,2019-03,ROROTAN,50.0,0
229,2019-03,SEMPER TIMUR,30.0,0
230,2019-03,SUNGAI BAMBU,15.0,0
231,2019-03,TANJUNG PRIOK,25.0,0
232,2019-03,TEGAL ALUR,47.5,0
233,2019-03,WARAKAS,50.0,0
234,2019-04,BALEKAMBANG,50.0,0
235,2019-04,BANGKA,52.5,0
236,2019-04,BIDARA CINA,120.0,3496
237,2019-04,CAWANG,80.0,1384
238,2019-04,CENGKARENG BARAT,40.0,0
239,2019-04,CIBUBUR,15.0,0
240,2019-04,CIKOKO,25.0,0
241,2019-04,CILILITAN,95.0,0
242,2019-04,CIPETE UTARA,60.0,0
243,2019-04,CIPINANG MELAYU,40.0,0
244,2019-04,CIPULIR,15.0,0
245,2019-04,JAGAKARSA,15.0,0
246,2019-04,JATI PADANG,35.0,0
247,2019-04,KAMAL MUARA ,6.5,0
248,2019-04,KAMPUNG MELAYU,130.0,2312
249,2019-04,KEBON BARU,30.0,7
250,2019-04,KEBON MANGGIS,15.0,0
251,2019-04,KEBON PALA,30.0,0
252,2019-04,KEDOYA SELATAN,20.0,0
253,2019-04,KELAPA DUA WETAN,20.0,0
254,2019-04,KEMBANGAN SELATAN,20.0,0
255,2019-04,KEMBANGAN UTARA,75.0,138
256,2019-04,LENTENG AGUNG,40.0,0
257,2019-04,MAKASAR,55.0,0
258,2019-04,MANGGARAI,75.0,0
259,2019-04,PEJATEN TIMUR,5.0,875
260,2019-04,PENGADEGAN,130.0,639
261,2019-04,PETOGOGAN,25.0,0
262,2019-04,PONDOK LABU,30.0,0
263,2019-04,PONDOK PINANG,35.0,0
264,2019-04,RAMBUTAN,30.0,0
265,2019-04,RAWA BUAYA,50.0,0
266,2019-04,RAWAJATI,65.0,0
267,2019-04,SRENGSENG SAWAH,30.0,0
268,2019-05,BIDARA CINA,25.0,0
269,2019-05,CIPINANG MELAYU,60.0,0
270,2019-05,CIPULIR,15.0,0
271,2019-05,JAGAKARSA,20.0,0
272,2019-05,KAMPUNG MELAYU,12.5,0
273,2019-05,PEJATEN TIMUR,30.0,355
274,2019-05,PONDOK PINANG,20.0,0
275,2019-10,BALEKAMBANG,25.0,0
276,2019-10,BIDARA CINA,30.0,169
277,2019-10,CAWANG,65.0,0
278,2019-10,KAMPUNG MELAYU,35.0,1034
279,2019-10,KEBON BARU,20.0,0
280,2019-10,PEJATEN TIMUR,80.0,0
281,2019-10,PENGADEGAN,30.0,0
282,2019-12,BATU AMPAR,40.0,0
283,2019-12,BIDARA CINA,35.0,0
284,2019-12,CAWANG,50.0,0
285,2019-12,CIPETE UTARA,47.5,0
286,2019-12,CIPULIR,32.5,0
287,2019-12,GUNUNG,65.0,0
288,2019-12,JATI PADANG,40.0,0
289,2019-12,KAMAL ,30.0,0
290,2019-12,KAMPUNG MELAYU,30.0,337
291,2019-12,KEBAYORAN LAMA SELATAN ,50.0,0
292,2019-12,KEBON PALA,40.0,0
293,2019-12,KEL CILANDAK BARAT,60.0,0
294,2019-12,KEL PONDOK LABU,50.0,0
295,2019-12,KOTA BAMBU UTARA,25.0,0
296,2019-12,PALMERAH,40.0,0
297,2019-12,PETOGOGAN,45.0,0
298,2019-12,PONDOK PINANG,50.0,0
299,2019-12,RAWA BUAYA,15.0,0
300,2019-12,SUKABUMI SELATAN ,60.0,0
301,2019-12,TEGAL ALUR,50.0,1264
302,2020-01,ANCOL,20.0,0
303,2020-01,BALE KAMBANG,90.5,177
304,2020-01,BAMBU APUS,90.5,48
305,2020-01,BANGKA,90.5,1041
306,2020-01,BATU AMPAR,90.5,24
307,2020-01,BENDUNGAN HILIR,50.5,195
308,2020-01,BIDARA CINA,115.5,3577
309,2020-01,BINTARO,110.5,596
310,2020-01,BUKIT DURI,135.5,228
311,2020-01,CAKUNG BARAT,90.5,850
312,2020-01,CAKUNG TIMUR,40.0,658
313,2020-01,CAWANG,135.5,1500
314,2020-01,CEGER,50.5,80
315,2020-01,CENGKARENG BARAT,50.5,2220
316,2020-01,CENGKARENG TIMUR,40.0,362
317,2020-01,CIBUBUR,40.0,20
318,2020-01,CIGANJUR,65.0,150
319,2020-01,CIJANTUNG,50.5,207
320,2020-01,CIKOKO,110.5,147
321,2020-01,CILANDAK BARAT,125.5,300
322,2020-01,CILANDAK TIMUR,123.0,440
323,2020-01,CILILITAN,135.5,58
324,2020-01,CILINCING,22.5,1121
325,2020-01,CIPAYUNG,90.5,190
326,2020-01,CIPEDAK,20.0,175
327,2020-01,CIPETE SELATAN,20.0,65
328,2020-01,CIPETE UTARA,40.0,231
329,2020-01,CIPINANG,50.5,2700
330,2020-01,CIPINANG BESAR SELATAN,110.5,279
331,2020-01,CIPINANG MELAYU,115.0,2806
332,2020-01,CIPINANG MUARA,80.0,932
333,2020-01,CIPULIR,90.0,675
334,2020-01,DUKUH,90.5,1119
335,2020-01,DUREN TIGA,20.0,345
336,2020-01,DURI KEPA,50.5,130
337,2020-01,DURI KOSAMBI,110.5,1230
338,2020-01,GEDONG,5.0,100
339,2020-01,GROGOL SELATAN,50.5,250
340,2020-01,GROGOL UTARA,40.0,0
341,2020-01,GUNTUR,50.5,25
342,2020-01,GUNUNG,110.5,40
343,2020-01,GUNUNG SAHARI SELATAN,40.0,0
344,2020-01,HALIM PERDANA KUSUMA,110.5,300
345,2020-01,JAGAKARSA,50.5,235
346,2020-01,JATI,50.5,84
347,2020-01,JATI PADANG,50.5,781
348,2020-01,JATI PULO,20.0,0
349,2020-01,JATINEGARA,20.0,150
350,2020-01,JELAMBAR BARU,50.5,60
351,2020-01,JOGLO,90.5,0
352,2020-01,JOHAR BARU,20.0,140
353,2020-01,KALIBATA,115.5,3615
354,2020-01,KALIDERES,50.5,147
355,2020-01,KAMAL,40.0,0
356,2020-01,KAMPUNG MELAYU,180.0,2556
357,2020-01,KAPUK,50.5,4461
358,2020-01,KAPUK MUARA,30.0,0
359,2020-01,KARET SEMANGGI,110.5,325
360,2020-01,KARET TENGSIN,110.5,2078
361,2020-01,KAYU PUTIH,110.5,2310
362,2020-01,KEBAGUSAN,6.0,185
363,2020-01,KEBAYORAN LAMA SELATAN,110.5,55
364,2020-01,KEBAYORAN LAMA UTARA,50.5,700
365,2020-01,KEBON BARU,57.5,1750
366,2020-01,KEBON MANGGIS,110.5,949
367,2020-01,KEBON PALA,50.5,209
368,2020-01,KEDAUNG KALI ANGKE,50.5,2804
369,2020-01,KEDOYA SELATAN,80.0,36
370,2020-01,KEDOYA UTARA,65.5,1238
371,2020-01,KELAPA DUA ,60.0,0
372,2020-01,KELAPA DUA WETAN,80.0,335
373,2020-01,KELAPA GADING BARAT,20.0,0
374,2020-01,KELAPA GADING TIMUR,20.0,100
375,2020-01,KEMANGGISAN,90.5,0
376,2020-01,KEMBANGAN SELATAN,75.5,710
377,2020-01,KEMBANGAN UTARA,60.0,961
378,2020-01,KLENDER,80.0,470
379,2020-01,KOTA BAMBU SELATAN,90.5,0
380,2020-01,KOTA BAMBU UTARA,40.0,0
381,2020-01,KRAMAT JATI,90.5,346
382,2020-01,KRAMAT PELA,110.5,52
383,2020-01,KUNINGAN BARAT,110.5,816
384,2020-01,KUNINGAN TIMUR,50.5,269
385,2020-01,LEBAK BULUS,50.5,91
386,2020-01,LENTENG AGUNG,20.0,507
387,2020-01,LUBANG BUAYA,110.5,0
388,2020-01,MAKASAR,90.5,2220
389,2020-01,MALAKA JAYA,110.5,220
390,2020-01,MAMPANG PRAPATAN,90.5,797
391,2020-01,MANGGARAI,90.5,256
392,2020-01,MANGGARAI SELATAN,110.5,0
393,2020-01,MARUNDA,20.0,0
394,2020-01,MERUYA SELATAN,80.0,0
395,2020-01,MERUYA UTARA,50.5,0
396,2020-01,PALMERAH,50.5,0
397,2020-01,PANCORAN,20.0,335
398,2020-01,PASAR BARU,40.0,625
399,2020-01,PEGADUNGAN,40.0,0
400,2020-01,PEGANGSAAN DUA,40.0,210
401,2020-01,PEJAGALAN,80.0,1168
402,2020-01,PEJATEN BARAT,70.0,0
403,2020-01,PEJATEN TIMUR,115.5,0
404,2020-01,PEKAYON,20.0,0
405,2020-01,PELA MAMPANG,80.0,1099
406,2020-01,PENGADEGAN,135.5,1540
407,2020-01,PENGGILINGAN,20.0,0
408,2020-01,PENJARINGAN,20.0,0
409,2020-01,PETAMBURAN,50.0,0
410,2020-01,PETOGOGAN,110.5,0
411,2020-01,PETUKANGAN SELATAN,70.0,0
412,2020-01,PETUKANGAN UTARA,110.5,150
413,2020-01,PINANG RANTI,50.5,120
414,2020-01,PISANGAN BARU,50.5,1200
415,2020-01,PLUIT,42.5,0
416,2020-01,PONDOK BAMBU,90.5,274
417,2020-01,PONDOK KELAPA,120.5,465
418,2020-01,PONDOK KOPI,20.0,220
419,2020-01,PONDOK LABU,50.5,134
420,2020-01,PONDOK PINANG,90.5,962
421,2020-01,PULO,90.0,16
422,2020-01,RAMBUTAN,115.5,65
423,2020-01,RAWA BARAT,110.5,99
424,2020-01,RAWA BUAYA,50.5,2133
425,2020-01,RAWA BUNGA,50.5,4560
426,2020-01,RAWA TERATE,105.0,195
427,2020-01,RAWAJATI,40.0,405
428,2020-01,ROROTAN,80.0,150
429,2020-01,SEMANAN,115.5,2112
430,2020-01,SEMPER BARAT,40.0,574
431,2020-01,SEMPER TIMUR,80.0,120
432,2020-01,SERDANG,20.0,0
433,2020-01,SETU,110.5,47
434,2020-01,SLIPI,50.5,0
435,2020-01,SRENGSENG,110.5,15
436,2020-01,SRENGSENG SAWAH,20.0,372
437,2020-01,SUKA PURA,80.0,278
438,2020-01,SUKABUMI SELATAN,65.0,0
439,2020-01,SUKABUMI UTARA,75.0,0
440,2020-01,SUSUKAN,45.0,1868
441,2020-01,TANJUNG BARAT,50.5,0
442,2020-01,TANJUNG DUREN UTARA,80.0,85
443,2020-01,TEGAL ALUR,90.5,1208
444,2020-01,TEGAL PARANG,90.5,1058
445,2020-01,TENGAH,80.0,0
446,2020-01,TOMANG,50.5,24
447,2020-01,TUGU SELATAN,35.0,0
448,2020-01,UJUNG MENTENG,50.5,70
449,2020-01,ULUJAMI,135.5,321
450,2020-01,UTAN KAYU SELATAN,50.5,0
451,2020-01,WIJAYA KUSUMA,50.5,208
452,2020-02,ANCOL,17.5,0
453,2020-02,BALE KAMBANG,60.0,244
454,2020-02,BAMBU APUS,35.0,0
455,2020-02,BANGKA,20.0,0
456,2020-02,BATU AMPAR,35.0,0
457,2020-02,BENDUNGAN HILIR,35.0,0
458,2020-02,BIDARA CINA,55.0,3904
459,2020-02,BINTARO,20.0,0
460,2020-02,BUKIT DURI,55.0,0
461,2020-02,CAKUNG BARAT,55.0,98
462,2020-02,CAKUNG TIMUR,52.5,630
463,2020-02,CAWANG,80.0,0
464,2020-02,CEMPAKA BARU,35.0,0
465,2020-02,CEMPAKA PUTIH BARAT,25.0,0
466,2020-02,CEMPAKA PUTIH TIMUR,1.5,0
467,2020-02,CENGKARENG BARAT,30.0,0
468,2020-02,CENGKARENG TIMUR,55.0,0
469,2020-02,CIBUBUR,55.0,0
470,2020-02,CIKOKO,17.5,0
471,2020-02,CILANDAK BARAT,65.0,0
472,2020-02,CILANGKAP,27.5,0
473,2020-02,CILILITAN,55.0,0
474,2020-02,CILINCING,25.0,0
475,2020-02,CIPAYUNG,22.5,0
476,2020-02,CIPEDAK,15.0,0
477,2020-02,CIPETE SELATAN,30.0,0
478,2020-02,CIPETE UTARA,15.0,0
479,2020-02,CIPINANG,40.0,0
480,2020-02,CIPINANG BESAR UTARA,15.0,0
481,2020-02,CIPINANG CEMPEDAK,50.0,0
482,2020-02,CIPINANG MELAYU,57.5,13450
483,2020-02,CIPINANG MUARA,45.0,708
484,2020-02,CIPULIR,5.0,0
485,2020-02,DUKUH,17.5,0
486,2020-02,DUREN SAWIT,30.0,0
487,2020-02,DUREN TIGA,30.0,0
488,2020-02,DURI KEPA,20.0,0
489,2020-02,DURI KOSAMBI,25.0,0
490,2020-02,GUNTUR,40.0,0
491,2020-02,GUNUNG SAHARI SELATAN,60.0,0
492,2020-02,GUNUNG SAHARI UTARA,30.0,0
493,2020-02,HALIM PERDANA KUSUMA,35.0,0
494,2020-02,JATI,35.0,0
495,2020-02,JATI PADANG,35.0,0
496,2020-02,JATI PULO,25.0,0
497,2020-02,JATINEGARA,35.0,0
498,2020-02,JATINEGARA KAUM,40.0,0
499,2020-02,JELAMBAR,12.5,0
500,2020-02,JOHAR BARU,40.0,0
501,2020-02,KALIDERES,10.0,0
502,2020-02,KAMAL,10.0,0
503,2020-02,KAMPUNG MELAYU,80.0,2185
504,2020-02,KAMPUNG RAWA,20.0,0
505,2020-02,KAPUK,20.0,0
506,2020-02,KAPUK MUARA,37.5,0
507,2020-02,KARANG ANYAR,20.0,0
508,2020-02,KARET,25.0,0
509,2020-02,KARET SEMANGGI,45.0,0
510,2020-02,KARET TENGSIN,60.0,0
511,2020-02,KAYU PUTIH,55.0,8103
512,2020-02,KEBAGUSAN,22.5,0
513,2020-02,KEBAYORAN LAMA SELATAN,20.0,0
514,2020-02,KEBON BARU,35.0,420
515,2020-02,KEBON BAWANG,20.0,0
516,2020-02,KEBON JERUK,20.0,0
517,2020-02,KEBON KELAPA,20.0,0
518,2020-02,KEBON KOSONG,30.0,0
519,2020-02,KEBON MANGGIS,40.0,1157
520,2020-02,KEBON MELATI,42.5,0
521,2020-02,KEBON PALA,85.0,0
522,2020-02,KEBON SIRIH,55.0,0
523,2020-02,KEDAUNG KALI ANGKE,30.0,0
524,2020-02,KEDOYA SELATAN,32.5,0
525,2020-02,KEDOYA UTARA,35.0,0
526,2020-02,KELAPA DUA WETAN,22.5,0
527,2020-02,KELAPA GADING BARAT,27.5,0
528,2020-02,KELAPA GADING TIMUR,35.0,271
529,2020-02,KEMANGGISAN,25.0,0
530,2020-02,KEMAYORAN,20.0,0
531,2020-02,KEMBANGAN SELATAN,40.0,0
532,2020-02,KEMBANGAN UTARA,55.0,0
533,2020-02,KENARI,20.0,0
534,2020-02,KLENDER,45.0,0
535,2020-02,KOTA BAMBU SELATAN,30.0,85
536,2020-02,KOTA BAMBU UTARA,25.0,0
537,2020-02,KRAMAT,30.0,0
538,2020-02,KRAMAT PELA,15.0,0
539,2020-02,KUNINGAN BARAT,20.0,0
540,2020-02,LUBANG BUAYA,35.0,0
541,2020-02,MAKASAR,90.0,745
542,2020-02,MALAKA JAYA,60.0,0
543,2020-02,MALAKA SARI,50.0,0
544,2020-02,MAMPANG PRAPATAN,6.0,0
545,2020-02,MANGGA BESAR,35.0,0
546,2020-02,MANGGA DUA SELATAN,30.0,0
547,2020-02,MANGGARAI,45.0,15
548,2020-02,MANGGARAI SELATAN,25.0,0
549,2020-02,MARUNDA,32.5,417
550,2020-02,MENTENG,35.0,0
551,2020-02,MENTENG ATAS,20.0,0
552,2020-02,MENTENG DALAM,70.0,0
553,2020-02,PADEMANGAN BARAT ,20.0,0
554,2020-02,PADEMANGAN TIMUR,17.5,0
555,2020-02,PAL MERIAM,35.0,0
556,2020-02,PASAR BARU,25.0,0
557,2020-02,PASAR MANGGIS,40.0,0
558,2020-02,PASAR MINGGU,15.0,0
559,2020-02,PEGADUNGAN,32.5,0
560,2020-02,PEGANGSAAN DUA,45.0,182
561,2020-02,PEJAGALAN,32.5,250
562,2020-02,PEJATEN TIMUR,75.0,329
563,2020-02,PEKAYON,17.5,0
564,2020-02,PEKOJAN,40.0,0
565,2020-02,PELA MAMPANG,20.0,0
566,2020-02,PENGADEGAN,100.0,121
567,2020-02,PENGGILINGAN,30.0,0
568,2020-02,PENJARINGAN,40.0,0
569,2020-02,PETAMBURAN,65.0,0
570,2020-02,PETOGOGAN,22.5,0
571,2020-02,PETUKANGAN SELATAN,20.0,0
572,2020-02,PINANG RANTI,60.0,0
573,2020-02,PISANGAN BARU,35.0,0
574,2020-02,PISANGAN TIMUR,75.0,0
575,2020-02,PLUIT,45.0,0
576,2020-02,PONDOK BAMBU,45.0,130
577,2020-02,PONDOK KELAPA,55.0,2132
578,2020-02,PONDOK KOPI,35.0,0
579,2020-02,PONDOK LABU,20.0,0
580,2020-02,PONDOK PINANG,35.0,0
581,2020-02,PULO,15.0,0
582,2020-02,PULO GEBANG,50.0,0
583,2020-02,PULOGADUNG,55.0,0
584,2020-02,RAGUNAN,37.5,0
585,2020-02,RAMBUTAN,35.0,2286
586,2020-02,RAWA BADAK SELATAN,20.0,0
587,2020-02,RAWA BUAYA,30.0,0
588,2020-02,RAWA BUNGA,40.0,0
589,2020-02,RAWA TERATE,140.0,2564
590,2020-02,RAWAJATI,10.0,282
591,2020-02,RAWAMANGUN,30.0,0
592,2020-02,RAWASARI,25.0,0
593,2020-02,ROROTAN,57.5,1150
594,2020-02,SEMANAN,35.0,0
595,2020-02,SEMPER BARAT,25.0,648
596,2020-02,SEMPER TIMUR,22.5,200
597,2020-02,SERDANG,30.0,0
598,2020-02,SETU,30.0,0
599,2020-02,SRENGSENG,17.5,0
600,2020-02,SUKABUMI SELATAN,45.0,0
601,2020-02,SUKAPURA,55.0,566
602,2020-02,SUMUR BATU,30.0,0
603,2020-02,SUNTER JAYA,20.0,0
604,2020-02,SUSUKAN,35.0,0
605,2020-02,TANAH TINGGI,30.0,0
606,2020-02,TANGKI,35.0,0
607,2020-02,TANJUNG BARAT,55.0,0
608,2020-02,TANJUNG DUREN SELATAN,20.0,0
609,2020-02,TANJUNG DUREN UTARA,40.0,0
610,2020-02,TANJUNG PRIOK,20.0,0
611,2020-02,TEGAL ALUR,25.0,0
612,2020-02,TENGAH,20.0,0
613,2020-02,TOMANG,40.0,0
614,2020-02,TUGU SELATAN,45.0,192
615,2020-02,TUGU UTARA,37.5,0
616,2020-02,UTAN KAYU SELATAN,35.0,0
617,2020-02,UTAN KAYU UTARA,35.0,0
618,2020-02,WARAKAS,20.0,0
619,2020-03,BANGKA,30.0,0
620,2020-03,BIDARA CINA,80.0,4838
621,2020-03,BINTARO,35.0,0
622,2020-03,BUKIT DURI,80.0,0
623,2020-03,CAKUNG TIMUR,35.0,207
624,2020-03,CAWANG,62.5,0
625,2020-03,CENGKARENG BARAT,17.5,0
626,2020-03,CIBUBUR,60.0,100
627,2020-03,CILANDAK TIMUR,77.5,0
628,2020-03,CILANGKAP,25.0,0
629,2020-03,CILILITAN,52.5,43
630,2020-03,CIPEDAK,70.0,0
631,2020-03,CIPETE SELATAN,15.0,0
632,2020-03,CIPINANG MELAYU,55.0,1598
633,2020-03,CIPINANG MUARA,27.5,456
634,2020-03,CIPULIR,60.0,0
635,2020-03,CIRACAS,35.0,0
636,2020-03,DUREN TIGA,60.0,0
637,2020-03,KALIDERES,15.0,0
638,2020-03,KALISARI,70.0,0
639,2020-03,KAMPUNG MELAYU,67.5,1068
640,2020-03,KAPUK MUARA,10.0,0
641,2020-03,KEBON BARU,32.5,0
642,2020-03,KEDOYA SELATAN,20.0,0
643,2020-03,KEMBANGAN SELATAN,30.0,0
644,2020-03,KEMBANGAN UTARA,20.0,0
645,2020-03,KOTA BAMBU UTARA,10.0,0
646,2020-03,KUNINGAN BARAT,40.0,0
647,2020-03,LEBAK BULUS,70.0,0
648,2020-03,LUBANG BUAYA,20.0,0
649,2020-03,MAKASAR,15.0,850
650,2020-03,MENTENG ATAS,35.0,0
651,2020-03,PALMERAH,20.0,0
652,2020-03,PEJATEN TIMUR,85.0,517
653,2020-03,PEKAYON,60.0,0
654,2020-03,PENGADEGAN,90.0,0
655,2020-03,PINANG RANTI,12.5,0
656,2020-03,PONDOK BAMBU,25.0,0
657,2020-03,PONDOK LABU,30.0,0
658,2020-03,PONDOK PINANG,62.5,0
659,2020-03,PONDOK RANGGON,50.0,10
660,2020-03,RAWA BUAYA,30.0,0
661,2020-03,RAWAJATI,25.0,0
662,2020-03,ROROTAN,30.0,0
663,2020-03,SEMANAN,17.5,0
664,2020-03,TENGAH,70.0,0
665,2020-04,BALEKAMBANG,20.0,0
666,2020-04,BAMBU APUS,20.0,0
667,2020-04,BANGKA,50.0,0
668,2020-04,BATU AMPAR,30.0,0
669,2020-04,BIDARA CINA,75.0,153
670,2020-04,BINTARO,15.0,0
671,2020-04,CAWANG,65.0,0
672,2020-04,CENGKARENG BARAT,15.0,0
673,2020-04,CILANDAK TIMUR,45.0,0
674,2020-04,CILILITAN,55.0,65
675,2020-04,CIPEDAK,50.0,0
676,2020-04,CIPETE SELATAN,50.0,0
677,2020-04,CIPINANG CEMPEDAK,15.0,0
678,2020-04,CIPINANG MELAYU,30.0,476
679,2020-04,CIPINANG MUARA,22.5,0
680,2020-04,CIRACAS,20.0,0
681,2020-04,DUREN SAWIT,20.0,0
682,2020-04,DUREN TIGA,35.0,0
683,2020-04,GANDARIA SELATAN,55.0,0
684,2020-04,GANDARIA UTARA,30.0,0
685,2020-04,JAGAKARSA,40.0,0
686,2020-04,JATI PADANG,42.5,0
687,2020-04,KALIBATA,15.0,0
688,2020-04,KALISARI,15.0,0
689,2020-04,KAMPUNG MELAYU,40.0,817
690,2020-04,KEBAYORAN LAMA SELATAN,30.0,0
691,2020-04,KEBON BARU,22.5,0
692,2020-04,KEDOYA SELATAN,25.0,0
693,2020-04,KEMBANGAN SELATAN,50.0,0
694,2020-04,KEMBANGAN UTARA,35.0,65
695,2020-04,KUNINGAN BARAT,20.0,0
696,2020-04,LEBAK BULUS,60.0,10
697,2020-04,LUBANG BUAYA,17.5,0
698,2020-04,MAKASAR,10.0,1380
699,2020-04,PEJATEN BARAT,20.0,0
700,2020-04,PEJATEN TIMUR,20.0,0
701,2020-04,PEKAYON,30.0,0
702,2020-04,PELA MAMPANG,35.0,0
703,2020-04,PETOGOGAN,50.0,0
704,2020-04,PINANG RANTI,30.0,0
705,2020-04,PLUIT,20.0,0
706,2020-04,PONDOK PINANG,35.0,0
707,2020-04,RAGUNAN,30.0,0
708,2020-04,RAMBUTAN,35.0,0
709,2020-04,RAWA BUAYA,20.0,0
710,2020-04,RAWA TERATE,15.0,0
711,2020-04,RAWAJATI,15.0,0
712,2020-04,SRENGSENG,17.5,0
713,2020-04,SUKABUMI SELATAN,50.0,0
714,2020-04,TEBET BARAT,40.0,0
715,2020-05,BALEKAMBANG,70.0,0
716,2020-05,BATU AMPAR,10.0,0
717,2020-05,BIDARA CINA,105.0,1370
718,2020-05,CAWANG,110.0,0
719,2020-05,CIBUBUR,50.0,0
720,2020-05,CIGANJUR,35.0,0
721,2020-05,CILANGKAP,50.0,0
722,2020-05,CILILITAN,110.0,0
723,2020-05,CIRACAS,50.0,0
724,2020-05,JATI PADANG,35.0,0
725,2020-05,KAMPUNG MELAYU,95.0,1214
726,2020-05,KEBON BARU,40.0,0
727,2020-05,KEBON MANGGIS,20.0,0
728,2020-05,KEMBANGAN SELATAN,25.0,0
729,2020-05,MANGGARAI,50.0,0
730,2020-05,MERUYA UTARA,10.0,0
731,2020-05,PEJATEN TIMUR,100.0,456
732,2020-05,PEKAYON,55.0,0
733,2020-05,PENGADEGAN,55.0,0
734,2020-05,PONDOK PINANG,60.0,77
735,2020-05,RAMBUTAN,40.0,0
736,2020-05,RAWAJATI,40.0,0
737,2020-05,TENGAH,20.0,0
738,2020-06,ANCOL,40.0,200
739,2020-06,JELAMBAR BARU,7.5,0
740,2020-06,KAPUK,17.5,0
741,2020-06,KAPUK MUARA,7.5,0
742,2020-06,KEDOYA UTARA,40.0,0
743,2020-06,MARUNDA,25.0,0
744,2020-06,PEJAGALAN,32.5,0
745,2020-06,PENJARINGAN,35.0,0
746,2020-06,PLUIT,65.0,120
747,2020-06,PULAU HARAPAN ,12.5,0
748,2020-06,PULAU KELAPA,27.5,0
749,2020-06,PULAU PANGGANG,25.0,0
750,2020-06,PULAU PARI,30.0,0
751,2020-06,PULAU TIDUNG,40.0,0
752,2020-06,PULAU UNTUNG JAWA,27.5,0
753,2020-06,TEGAL ALUR,30.0,0
754,2020-07,PINANGSIA,20.0,0
755,2020-07,SRENGSENG,40.0,0
756,2020-08,BANGKA,50.0,0
757,2020-08,BINTARO,20.0,0
758,2020-08,BUKIT DURI,30.0,0
759,2020-08,CILANDAK TIMUR,40.0,0
760,2020-08,CILINCING,10.0,0
761,2020-08,KAPUK,17.5,0
762,2020-08,KEBON BARU,25.0,0
763,2020-08,KOTA BAMBU UTARA,20.0,0
764,2020-08,MARUNDA,20.0,0
765,2020-08,PASEBAN,20.0,0
766,2020-08,PETAMBURAN,12.5,0
767,2020-08,TEGAL ALUR,15.0,0
768,2020-09,BALEKAMBANG,20.0,0
769,2020-09,BIDARA CINA,40.0,121
770,2020-09,CAWANG,55.0,110
771,2020-09,CENGKARENG BARAT,22.5,0
772,2020-09,CILANDAK TIMUR,5.0,0
773,2020-09,CILILITAN,30.0,158
774,2020-09,DURI KEPA,17.5,0
775,2020-09,JELAMBAR,25.0,0
776,2020-09,KALIDERES,10.0,0
777,2020-09,KAMPUNG MELAYU,42.5,807
778,2020-09,KAPUK,15.0,0
779,2020-09,KEBON BARU,30.0,0
780,2020-09,KEDOYA SELATAN,35.0,0
781,2020-09,KEMBANGAN SELATAN,45.0,0
782,2020-09,KEMBANGAN UTARA,60.0,15
783,2020-09,KRENDANG,30.0,0
784,2020-09,PALMERAH,30.0,0
785,2020-09,PEJATEN TIMUR,30.0,0
786,2020-09,PENGADEGAN,40.0,23
787,2020-09,PETAMBURAN,20.0,0
788,2020-09,PETOGOGAN,37.5,0
789,2020-09,PLUIT,35.0,0
790,2020-09,PONDOK LABU,15.0,0
791,2020-09,RAWA BUAYA,25.0,0
792,2020-09,RAWAJATI,30.0,66
793,2020-09,SUKABUMI SELATAN,6.0,0
794,2020-09,SUKABUMI UTARA,55.0,0
795,2020-09,TANJUNG DUREN UTARA,20.0,0
796,2020-10,0,40.0,0
797,2020-10,BALEKAMBANG,46.25,51
798,2020-10,BAMBU APUS,32.5,0
799,2020-10,BANGKA,37.083333333333336,0
800,2020-10,BIDARA CINA,48.333333333333336,126
801,2020-10,BINTARO,38.23529411764706,0
802,2020-10,CAKUNG BARAT,20.0,0
803,2020-10,CAWANG,51.8,462
804,2020-10,CEMPAKA PUTIH BARAT,15.0,0
805,2020-10,CIGANJUR,12.333333333333334,1200
806,2020-10,CIJANTUNG,37.5,0
807,2020-10,CILANDAK TIMUR,85.0,0
808,2020-10,CILILITAN,10.0,285
809,2020-10,CIPAYUNG,30.0,0
810,2020-10,CIPEDAK,42.5,0
811,2020-10,CIPINANG MELAYU,23.333333333333332,0
812,2020-10,CIPINANG MUARA,10.0,0
813,2020-10,CIPULIR,33.888888888888886,225
814,2020-10,CIRACAS,69.44444444444444,0
815,2020-10,DUKUH,50.0,0
816,2020-10,DUREN SAWIT,15.0,0
817,2020-10,DURI KEPA,44.0,0
818,2020-10,DURI KOSAMBI,25.0,0
819,2020-10,GROGOL UTARA,20.0,0
820,2020-10,JATI PADANG,20.0,0
821,2020-10,JATINEGARA,15.0,0
822,2020-10,JELAMBAR,12.5,0
823,2020-10,JOHAR BARU,20.0,0
824,2020-10,KALIBATA,30.0,0
825,2020-10,KALISARI,20.0,0
826,2020-10,KAMPUNG MELAYU,42.407407407407405,1068
827,2020-10,KEBAGUSAN,30.0,0
828,2020-10,KEBON BARU,30.0,0
829,2020-10,KEBON BAWANG,30.0,0
830,2020-10,KEBON JERUK,36.666666666666664,0
831,2020-10,KEBON PALA,39.5,0
832,2020-10,KEDAUNG KALI ANGKE,35.0,0
833,2020-10,KEDOYA SELATAN,35.0,0
834,2020-10,KEDOYA UTARA,37.5,0
835,2020-10,KEMBANGAN SELATAN,57.142857142857146,0
836,2020-10,KEMBANGAN UTARA,20.0,0
837,2020-10,LEBAK BULUS,40.0,0
838,2020-10,LUBANG BUAYA,45.0,0
839,2020-10,MAKASAR,28.0,0
840,2020-10,MANGGARAI,30.0,0
841,2020-10,PALMERAH,30.0,0
842,2020-10,PEGADUNGAN,15.833333333333334,0
843,2020-10,PEJATEN BARAT,20.0,0
844,2020-10,PEJATEN TIMUR,68.92857142857143,0
845,2020-10,PEKAYON,36.666666666666664,0
846,2020-10,PELA MAMPANG,58.333333333333336,0
847,2020-10,PENGADEGAN,65.0,0
848,2020-10,PENGGILINGAN,10.0,0
849,2020-10,PETOGOGAN,43.333333333333336,0
850,2020-10,PINANG RANTI,30.0,0
851,2020-10,PONDOK LABU,60.0,0
852,2020-10,PONDOK PINANG,65.0,0
853,2020-10,PULO GADUNG,30.0,0
854,2020-10,PULO GEBANG,15.0,0
855,2020-10,RAGUNAN,20.0,0
856,2020-10,RAMBUTAN,40.26315789473684,2833
857,2020-10,RAWA BADAK SELATAN,43.0,0
858,2020-10,RAWA BUAYA,18.571428571428573,0
859,2020-10,RAWAJATI,23.0,0
860,2020-10,ROROTAN,15.0,0
861,2020-10,SETU,46.666666666666664,0
862,2020-10,SRENGSENG,36.0,0
863,2020-10,SUKABUMI SELATAN,30.0,0
864,2020-10,SUKABUMI UTARA,46.666666666666664,0
865,2020-10,SUSUKAN,20.0,0
866,2020-10,TANJUNG DUREN UTARA,17.5,0
867,2020-10,TEGAL PARANG,20.0,0
868,2020-10,ULUJAMI,27.307692307692307,0
869,2020-11,ANCOL,16.666666666666668,0
870,2020-11,BALEKAMBANG,20.0,0
871,2020-11,BANGKA,40.0,0
872,2020-11,CAWANG,36.666666666666664,0
873,2020-11,CILANDAK TIMUR,27.5,0
874,2020-11,CIPEDAK,35.0,0
875,2020-11,DUREN SAWIT,40.0,0
876,2020-11,GEDONG,20.0,0
877,2020-11,JAGAKARSA,15.0,0
878,2020-11,JATI PADANG,21.0,0
879,2020-11,KALIBATA,25.0,0
880,2020-11,KAMPUNG MELAYU,15.3125,0
881,2020-11,KAPUK,12.5,0
882,2020-11,KAPUK MUARA,20.625,0
883,2020-11,KEBAGUSAN,25.0,0
884,2020-11,KEBON BARU,20.0,0
885,2020-11,MARUNDA,15.0,0
886,2020-11,PEJATEN BARAT,26.666666666666668,0
887,2020-11,PELA MAMPANG,13.863636363636363,0
888,2020-11,PENJARINGAN,21.666666666666668,0
889,2020-11,PETOGOGAN,20.0,0
890,2020-11,PLUIT,12.5,0
891,2020-11,PONDOK BAMBU,15.0,0
892,2020-11,RAWAJATI,20.0,0
893,2020-11,ROROTAN,12.5,0
894,2020-11,SUSUKAN,20.0,0
895,2020-11,TEGAL ALUR,40.0,0
896,2020-12,BIDARA CINA,35.0,0
897,2020-12,CAWANG,42.0,0
898,2020-12,CILILITAN,20.0,10
899,2020-12,GEDONG,15.0,0
900,2020-12,KAMPUNG MELAYU,29.86111111111111,817
901,2020-12,KEDOYA UTARA,20.0,0
902,2020-12,PEJATEN TIMUR,27.5,240
903,2020-12,PULAU HARAPAN,11.071428571428571,0
904,2020-12,SRENGSENG,28.333333333333332,0
